{
 "-10": 46.97270114942529,
 "-9": 45.784107946026985,
 "-8": 50.515406162464984,
 "-7": 49.270992366412216,
 "-6": 50.09836065573771,
 "-5": 50.70047732696897,
 "-4": 52.714893617021275,
 "-3": 50.595876288659795,
 "-2": 53.30571992110453,
 "-1": 52.35611164581328,
 "1": 52.453,
 "2": 51.798235942668136,
 "3": 51.283798882681566,
 "4": 50.29841656516443,
 "5": 49.68247694334651,
 "6": 47.615708274894814,
 "7": 45.80120481927711,
 "8": 46.59903381642512,
 "9": 45.626446280991736,
 "10": 47.15884476534296
}