{
 "-10": 65.57471264367815,
 "-9": 64.77961019490255,
 "-8": 65.40896358543418,
 "-7": 65.38295165394402,
 "-6": 64.8562421185372,
 "-5": 65.26252983293556,
 "-4": 66.18297872340426,
 "-3": 66.62371134020619,
 "-2": 66.29980276134123,
 "-1": 66.28777670837344,
 "1": 63.944,
 "2": 64.33517089305403,
 "3": 63.74078212290503,
 "4": 63.137637028014616,
 "5": 63.433465085639,
 "6": 62.98737727910238,
 "7": 63.63403614457831,
 "8": 63.43478260869565,
 "9": 63.33884297520661,
 "10": 62.911552346570396
}